<?xml version="1.0" encoding="UTF-8"?>
<wsdl:definitions xmlns:wsdl="http://schemas.xmlsoap.org/wsdl/"
                  xmlns:soap="http://schemas.xmlsoap.org/wsdl/soap/"
                  xmlns:xsd="http://www.w3.org/2001/XMLSchema"
                  xmlns:tns="http://example.com/{{ service_name }}"
                  targetNamespace="http://example.com/{{ service_name }}"
                  name="{{ service_name }}">

    <!-- Types -->
    <wsdl:types>
        <xsd:schema targetNamespace="http://example.com/{{ service_name }}">
            <!-- Request Schema -->
            <xsd:element name="{{ operation_name }}Request">
                <xsd:complexType>
                    <xsd:sequence>
                        {% for element in request_elements %}
                        {% if element.type == 'complexType' %}
                        <xsd:element name="{{ element.name }}" minOccurs="{{ element.minOccurs }}">
                            <xsd:complexType>
                                <xsd:sequence>
                                    {% for subelement in element.fields %}
                                    <xsd:element name="{{ subelement.name }}" type="{{ subelement.type }}" minOccurs="{{ subelement.minOccurs }}"/>
                                    {% endfor %}
                                </xsd:sequence>
                            </xsd:complexType>
                        </xsd:element>
                        {% else %}
                        <xsd:element name="{{ element.name }}" type="{{ element.type }}" minOccurs="{{ element.minOccurs }}"/>
                        {% endif %}
                        {% endfor %}
                    </xsd:sequence>
                </xsd:complexType>
            </xsd:element>

            <!-- Response Schema -->
            <xsd:element name="{{ operation_name }}Response">
                <xsd:complexType>
                    <xsd:sequence>
                        <xsd:element name="userClasses" maxOccurs="unbounded" minOccurs="0">
                            <xsd:complexType>
                                <xsd:sequence>
                                    <xsd:element name="userClassCode" type="xsd:string"/>
                                    <xsd:element name="userClassDescription" type="xsd:string"/>
                                </xsd:sequence>
                            </xsd:complexType>
                        </xsd:element>
                    </xsd:sequence>
                </xsd:complexType>
            </xsd:element>
        </xsd:schema>
    </wsdl:types>

    <!-- Messages -->
    <wsdl:message name="{{ operation_name }}Request">
        <wsdl:part name="RequestMsg" element="tns:{{ operation_name }}Request"/>
    </wsdl:message>

    <wsdl:message name="{{ operation_name }}Response">
        <wsdl:part name="ResponseMsg" element="tns:{{ operation_name }}Response"/>
    </wsdl:message>

    <!-- PortType -->
    <wsdl:portType name="{{ service_name }}PortType">
        <wsdl:operation name="{{ operation_name }}">
            <wsdl:input message="tns:{{ operation_name }}Request"/>
            <wsdl:output message="tns:{{ operation_name }}Response"/>
        </wsdl:operation>
    </wsdl:portType>

    <!-- Binding -->
    <wsdl:binding name="{{ service_name }}Binding" type="tns:{{ service_name }}PortType">
        <soap:binding style="document" transport="http://schemas.xmlsoap.org/soap/http"/>
        <wsdl:operation name="{{ operation_name }}">
            <soap:operation soapAction="http://example.com/{{ service_name }}/{{ operation_name }}" style="document"/>
            <wsdl:input>
                <soap:body use="literal"/>
            </wsdl:input>
            <wsdl:output>
                <soap:body use="literal"/>
            </wsdl:output>
        </wsdl:operation>
    </wsdl:binding>

    <!-- Service -->
    <wsdl:service name="{{ service_name }}">
        <wsdl:port binding="tns:{{ service_name }}Binding" name="{{ service_name }}Port">
            <soap:address location="{{ url }}"/>
        </wsdl:port>
    </wsdl:service>

</wsdl:definitions>
